[{"name":"Logitech K380","price":"5004","id":"9388ca7f-b589-448f-9f9f-4eef784ab42a"},{"name":"iPhone 15","price":"4250","id":"c6df1db3-aa01-4a35-99b4-b5beb494149c"},{"name":"Galaxy 23","price":"5000","id":"f5683286-b030-4e61-9b65-3084f12acd59"},{"name":"Amazon Prime","price":"20","id":"d4adc524-0880-49c4-9b5c-9ebd356d8628"},{"name":"SSD Crucial 500GB","price":"100","id":"8805de00-00c3-4e4a-a212-7c7680b72399"},{"name":"Geraldo Filho","price":"200","slug":"egege","createdAt":"24/04/24, 21:08:53","id":"82237291-c0de-4a2e-acbb-21447fe5272c"}]